{
    "name": "root",
    "gauges": {
        "PrisonerBehaviour.Policy.Entropy.mean": {
            "value": 1.7101960182189941,
            "min": 1.7000668048858643,
            "max": 1.7240911722183228,
            "count": 24
        },
        "PrisonerBehaviour.Policy.Entropy.sum": {
            "value": 14228.8310546875,
            "min": 1206.7088623046875,
            "max": 37412.58984375,
            "count": 24
        },
        "PrisonerBehaviour.Step.mean": {
            "value": 249736.0,
            "min": 9728.0,
            "max": 249736.0,
            "count": 25
        },
        "PrisonerBehaviour.Step.sum": {
            "value": 249736.0,
            "min": 9728.0,
            "max": 249736.0,
            "count": 25
        },
        "PrisonerBehaviour.Policy.ExtrinsicBaselineEstimate.mean": {
            "value": -0.04356052353978157,
            "min": -0.06053464487195015,
            "max": -0.04356052353978157,
            "count": 25
        },
        "PrisonerBehaviour.Policy.ExtrinsicBaselineEstimate.sum": {
            "value": -0.9147709608078003,
            "min": -2.602813482284546,
            "max": -0.9147709608078003,
            "count": 25
        },
        "PrisonerBehaviour.Policy.ExtrinsicValueEstimate.mean": {
            "value": -0.04259972646832466,
            "min": -0.06055700033903122,
            "max": -0.04259972646832466,
            "count": 25
        },
        "PrisonerBehaviour.Policy.ExtrinsicValueEstimate.sum": {
            "value": -0.8945942521095276,
            "min": -2.6038131713867188,
            "max": -0.8945942521095276,
            "count": 25
        },
        "PrisonerBehaviour.IsTraining.mean": {
            "value": 1.0,
            "min": 1.0,
            "max": 1.0,
            "count": 25
        },
        "PrisonerBehaviour.IsTraining.sum": {
            "value": 1.0,
            "min": 1.0,
            "max": 1.0,
            "count": 25
        },
        "PrisonerBehaviour.Environment.EpisodeLength.mean": {
            "value": 1233.0,
            "min": 563.0,
            "max": 1249.0,
            "count": 15
        },
        "PrisonerBehaviour.Environment.EpisodeLength.sum": {
            "value": 2466.0,
            "min": 1126.0,
            "max": 39052.0,
            "count": 15
        },
        "PrisonerBehaviour.Environment.CumulativeReward.mean": {
            "value": 0.0,
            "min": 0.0,
            "max": 0.0,
            "count": 13
        },
        "PrisonerBehaviour.Environment.CumulativeReward.sum": {
            "value": 0.0,
            "min": 0.0,
            "max": 0.0,
            "count": 13
        },
        "PrisonerBehaviour.Policy.ExtrinsicReward.mean": {
            "value": 0.0,
            "min": 0.0,
            "max": 0.15399999916553497,
            "count": 13
        },
        "PrisonerBehaviour.Policy.ExtrinsicReward.sum": {
            "value": 0.0,
            "min": 0.0,
            "max": 0.7969000339508057,
            "count": 13
        },
        "PrisonerBehaviour.Environment.GroupCumulativeReward.mean": {
            "value": 0.0,
            "min": 0.0,
            "max": 0.15399999916553497,
            "count": 13
        },
        "PrisonerBehaviour.Environment.GroupCumulativeReward.sum": {
            "value": 0.0,
            "min": 0.0,
            "max": 0.7969000339508057,
            "count": 13
        },
        "PrisonerBehaviour.Losses.PolicyLoss.mean": {
            "value": 0.011435554114480813,
            "min": 0.011435554114480813,
            "max": 0.015272091305814684,
            "count": 6
        },
        "PrisonerBehaviour.Losses.PolicyLoss.sum": {
            "value": 0.011435554114480813,
            "min": 0.011435554114480813,
            "max": 0.015272091305814684,
            "count": 6
        },
        "PrisonerBehaviour.Losses.ValueLoss.mean": {
            "value": 1.43368689956939e-05,
            "min": 2.192114649801624e-06,
            "max": 4.998633988482955e-05,
            "count": 6
        },
        "PrisonerBehaviour.Losses.ValueLoss.sum": {
            "value": 1.43368689956939e-05,
            "min": 2.192114649801624e-06,
            "max": 4.998633988482955e-05,
            "count": 6
        },
        "PrisonerBehaviour.Losses.BaselineLoss.mean": {
            "value": 1.4491080204000658e-05,
            "min": 8.456130027904389e-07,
            "max": 5.027008992328774e-05,
            "count": 6
        },
        "PrisonerBehaviour.Losses.BaselineLoss.sum": {
            "value": 1.4491080204000658e-05,
            "min": 8.456130027904389e-07,
            "max": 5.027008992328774e-05,
            "count": 6
        },
        "PrisonerBehaviour.Policy.LearningRate.mean": {
            "value": 9.999999999999998e-05,
            "min": 9.999999999999998e-05,
            "max": 9.999999999999998e-05,
            "count": 6
        },
        "PrisonerBehaviour.Policy.LearningRate.sum": {
            "value": 9.999999999999998e-05,
            "min": 9.999999999999998e-05,
            "max": 9.999999999999998e-05,
            "count": 6
        },
        "PrisonerBehaviour.Policy.Epsilon.mean": {
            "value": 0.10000000000000003,
            "min": 0.10000000000000003,
            "max": 0.10000000000000003,
            "count": 6
        },
        "PrisonerBehaviour.Policy.Epsilon.sum": {
            "value": 0.10000000000000003,
            "min": 0.10000000000000003,
            "max": 0.10000000000000003,
            "count": 6
        },
        "PrisonerBehaviour.Policy.Beta.mean": {
            "value": 0.005000000000000001,
            "min": 0.005000000000000001,
            "max": 0.005000000000000001,
            "count": 6
        },
        "PrisonerBehaviour.Policy.Beta.sum": {
            "value": 0.005000000000000001,
            "min": 0.005000000000000001,
            "max": 0.005000000000000001,
            "count": 6
        }
    },
    "metadata": {
        "timer_format_version": "0.1.0",
        "start_time_seconds": "1680401272",
        "python_version": "3.8.10 (tags/v3.8.10:3d8993a, May  3 2021, 11:48:03) [MSC v.1928 64 bit (AMD64)]",
        "command_line_arguments": "C:\\Kuliah\\smt6\\GG\\Tugas 3\\Prison-Break\\venv\\Scripts\\mlagents-learn config/behaviors_config.yaml --run-id=TestBehavior2",
        "mlagents_version": "0.29.0",
        "mlagents_envs_version": "0.29.0",
        "communication_protocol_version": "1.5.0",
        "pytorch_version": "2.0.0+cu117",
        "numpy_version": "1.21.2",
        "end_time_seconds": "1680401652"
    },
    "total": 380.082397,
    "count": 1,
    "self": 0.004838500000005297,
    "children": {
        "run_training.setup": {
            "total": 0.23662229999999873,
            "count": 1,
            "self": 0.23662229999999873
        },
        "TrainerController.start_learning": {
            "total": 379.8409362,
            "count": 1,
            "self": 0.15253419999970674,
            "children": {
                "TrainerController._reset_env": {
                    "total": 15.0595173,
                    "count": 1,
                    "self": 15.0595173
                },
                "TrainerController.advance": {
                    "total": 364.46860250000026,
                    "count": 8339,
                    "self": 0.1707922999990501,
                    "children": {
                        "env_step": {
                            "total": 261.44492619999926,
                            "count": 8339,
                            "self": 235.53041739999765,
                            "children": {
                                "SubprocessEnvManager._take_step": {
                                    "total": 25.805102700001346,
                                    "count": 8339,
                                    "self": 0.5039830000001722,