{
    "name": "root",
    "gauges": {
        "PrisonerBehaviour.Policy.Entropy.mean": {
            "value": 0.5952444076538086,
            "min": 0.474180668592453,
            "max": 1.7014119625091553,
            "count": 26
        },
        "PrisonerBehaviour.Policy.Entropy.sum": {
            "value": 5885.77685546875,
            "min": 4734.2197265625,
            "max": 18293.58203125,
            "count": 26
        },
        "PrisonerBehaviour.Step.mean": {
            "value": 259952.0,
            "min": 9984.0,
            "max": 259952.0,
            "count": 26
        },
        "PrisonerBehaviour.Step.sum": {
            "value": 259952.0,
            "min": 9984.0,
            "max": 259952.0,
            "count": 26
        },
        "PrisonerBehaviour.Policy.ExtrinsicValueEstimate.mean": {
            "value": -0.0001570361782796681,
            "min": -0.003815606702119112,
            "max": 0.0502474419772625,
            "count": 26
        },
        "PrisonerBehaviour.Policy.ExtrinsicValueEstimate.sum": {
            "value": -0.024654679000377655,
            "min": -0.5952346324920654,
            "max": 7.838601112365723,
            "count": 26
        },
        "PrisonerBehaviour.Losses.PolicyLoss.mean": {
            "value": 0.24090569510833135,
            "min": 0.23709961875725663,
            "max": 0.2530774058422712,
            "count": 26
        },
        "PrisonerBehaviour.Losses.PolicyLoss.sum": {
            "value": 16.863398657583193,
            "min": 1.5184644350536272,
            "max": 17.45901893651873,
            "count": 26
        },
        "PrisonerBehaviour.Losses.ValueLoss.mean": {
            "value": 2.7481516508568596e-08,
            "min": 6.528902273071302e-09,
            "max": 0.0005739508160320193,
            "count": 26
        },
        "PrisonerBehaviour.Losses.ValueLoss.sum": {
            "value": 1.9237061555998017e-06,
            "min": 4.243786477496346e-07,
            "max": 0.0034437048961921163,
            "count": 26
        },
        "PrisonerBehaviour.Policy.LearningRate.mean": {
            "value": 0.0001470122224245143,
            "min": 0.0001470122224245143,
            "max": 0.0002967744010752,
            "count": 26
        },
        "PrisonerBehaviour.Policy.LearningRate.sum": {
            "value": 0.010290855569716,
            "min": 0.0017806464064511998,
            "max": 0.018413712462096,
            "count": 26
        },
        "PrisonerBehaviour.Policy.Epsilon.mean": {
            "value": 0.14900405714285717,
            "min": 0.14900405714285717,
            "max": 0.19892479999999998,
            "count": 26
        },
        "PrisonerBehaviour.Policy.Epsilon.sum": {
            "value": 10.430284000000002,
            "min": 1.1935487999999999,
            "max": 12.743510400000002,
            "count": 26
        },
        "PrisonerBehaviour.Policy.Beta.mean": {
            "value": 0.0005,
            "min": 0.0005,
            "max": 0.0005000000000000003,
            "count": 26
        },
        "PrisonerBehaviour.Policy.Beta.sum": {
            "value": 0.035,
            "min": 0.003000000000000002,
            "max": 0.036000000000000004,
            "count": 26
        },
        "PrisonerBehaviour.IsTraining.mean": {
            "value": 1.0,
            "min": 1.0,
            "max": 1.0,
            "count": 26
        },
        "PrisonerBehaviour.IsTraining.sum": {
            "value": 1.0,
            "min": 1.0,
            "max": 1.0,
            "count": 26
        },
        "PrisonerBehaviour.Environment.EpisodeLength.mean": {
            "value": 2706.0,
            "min": 1240.6666666666667,
            "max": 3324.0,
            "count": 10
        },
        "PrisonerBehaviour.Environment.EpisodeLength.sum": {
            "value": 5412.0,
            "min": 2842.0,
            "max": 36106.0,
            "count": 10
        },
        "PrisonerBehaviour.Environment.CumulativeReward.mean": {
            "value": 0.0,
            "min": 0.0,
            "max": 0.0,
            "count": 10
        },
        "PrisonerBehaviour.Environment.CumulativeReward.sum": {
            "value": 0.0,
            "min": 0.0,
            "max": 0.0,
            "count": 10
        },
        "PrisonerBehaviour.Policy.ExtrinsicReward.mean": {
            "value": 0.0,
            "min": 0.0,
            "max": 0.0,
            "count": 10
        },
        "PrisonerBehaviour.Policy.ExtrinsicReward.sum": {
            "value": 0.0,
            "min": 0.0,
            "max": 0.0,
            "count": 10
        }
    },
    "metadata": {
        "timer_format_version": "0.1.0",
        "start_time_seconds": "1680385871",
        "python_version": "3.8.10 (tags/v3.8.10:3d8993a, May  3 2021, 11:48:03) [MSC v.1928 64 bit (AMD64)]",
        "command_line_arguments": "C:\\Kuliah\\smt6\\GG\\Tugas 3\\Prison-Break\\venv\\Scripts\\mlagents-learn config/behaviors_config.yaml --run-id=Testconfig3",
        "mlagents_version": "0.29.0",
        "mlagents_envs_version": "0.29.0",
        "communication_protocol_version": "1.5.0",
        "pytorch_version": "2.0.0+cu117",
        "numpy_version": "1.21.2",
        "end_time_seconds": "1680386838"
    },
    "total": 966.9277907,
    "count": 1,
    "self": 0.009961499999917578,
    "children": {
        "run_training.setup": {
            "total": 0.15602660000000013,
            "count": 1,
            "self": 0.15602660000000013
        },
        "TrainerController.start_learning": {
            "total": 966.7618026,
            "count": 1,
            "self": 0.211846599997898,
            "children": {
                "TrainerController._reset_env": {
                    "total": 10.6121739,
                    "count": 1,
                    "self": 10.6121739
                },
                "TrainerController.advance": {
                    "total": 955.7826110000021,
                    "count": 11343,
                    "self": 0.2290967000052433,
                    "children": {
                        "env_step": {
                            "total": 297.6970649000002,
                            "count": 11343,
                            "self": 265.4600922000087,
                            "children": {
                                "SubprocessEnvManager._take_step": {
                                    "total": 32.109400199991114,
                                    "count": 11343,
                                    "self": 0.6490646999909728,
                                    "children": {
                                        "TorchPolicy.evaluate": {
                                            "total": 31.46033550000014,
                                            "count": 11284,
                                            "self": 13.169087100007928,
                                            "children": {
                                                "TorchPolicy.sample_actions": {
                                                    "total": 18.291248399992213,
                                                    "count": 11284,
                                                    "self": 18.291248399992213
                                                }
                                            }
                                        }
                                    }
                                },
                                "workers": {
                                    "total": 0.1275725000004151,
                                    "count": 11342,
                                    "self": 0.0,
                                    "children": {
                                        "worker_root": {
                                            "total": 894.4837853000038,
                                            "count": 11342,
                                            "is_parallel": true,